Workbook

Sheet Hoja1
A1: Año | B1: Amazonas | C1: Ancash | D1: Apurimac | E1: Arequipa | F1: Ayacucho | G1: Cajamarca | H1: Cusco | I1: Huancavelica | J1: Huánuco | K1: Ica | L1: Junín | M1: La Libertad | N1: Lambayeque | O1: Lima | P1: Loreto | Q1: Madre de Dios | R1: Moquegua | S1: Pasco | T1: Piura | U1: Puno | V1: San Martín | W1: Tacna | X1: Tumbes | Y1: Ucayali
A2: 1970 | B2: 438999.49 | C2: 17296225 | D2: 1116939.9 | E2: 4579544.4 | F2: 1528960.6 | G2: 2384902.5 | H2: 3570390.8 | I2: 1573526.6 | J2: 1828155.3 | K2: 4835143 | L2: 3892144 | M2: 4775720.2 | N2: 2492701.5 | O2: 49490829 | P2: 3451219.2 | Q2: 639069.09 | R2: 1860277.6 | S2: 1897457.4 | T2: 4708113.6 | U2: 2428837.9 | V2: 925292.86 | W2: 2114691.8 | X2: 738804.75 | Y2: NA
A3: 1971 | B3: 472100.47 | C3: 16550561 | D3: 1231590.2 | E3: 4798388.4 | F3: 1614116.1 | G3: 2580852.4 | H3: 3781021.8 | I3: 1614910.8 | J3: 2052828.3 | K3: 4222460.7 | L3: 3888398.5 | M3: 4918462 | N3: 2641729 | O3: 53346301 | P3: 3730610.1 | Q3: 689892.22 | R3: 1898490.4 | S3: 1911097.4 | T3: 4618500.3 | U3: 2622948.2 | V3: 989798.7 | W3: 2443558.8 | X3: 770278.76 | Y3: NA
A4: 1972 | B4: 511104.85 | C4: 12777628 | D4: 1269950.2 | E4: 4937415.2 | F4: 1754574.6 | G4: 2766990.6 | H4: 3928812.8 | I4: 1665235.9 | J4: 2170552.8 | K4: 3599242.6 | L4: 4200656.3 | M4: 4864956.4 | N4: 2645757.6 | O4: 56579484 | P4: 3878093.6 | Q4: 728752.8 | R4: 2016602.7 | S4: 2004291.6 | T4: 4826473.6 | U4: 2633276.6 | V4: 985470.66 | W4: 2581263.4 | X4: 831626.05 | Y4: NA
A5: 1973 | B5: 527487.2 | C5: 12350358 | D5: 1314689.1 | E5: 5062095.1 | F5: 1793433.8 | G5: 2918751.9 | H5: 4140932.7 | I5: 1696529 | J5: 2271033.6 | K5: 3267164.2 | L5: 4504558.4 | M5: 5048228.9 | N5: 2716747.6 | O5: 60954816 | P5: 4156274.8 | Q5: 787248.02 | R5: 1931474.6 | S5: 1961125.6 | T5: 5123629.5 | U5: 2767602 | V5: 1013958.1 | W5: 2422347.1 | X5: 908098.29 | Y5: NA
A6: 1974 | B6: 634053.53 | C6: 14588498 | D6: 1335750.6 | E6: 5686751.9 | F6: 1843893.1 | G6: 3013011.5 | H6: 4334144.5 | I6: 1764062.5 | J6: 2235656.1 | K6: 3760133.7 | L6: 4506438.3 | M6: 5545090.9 | N6: 3030163.3 | O6: 67849469 | P6: 4350968.9 | Q6: 893469.8 | R6: 1568031.1 | S6: 2013738.7 | T6: 5648765.9 | U6: 2884320.9 | V6: 1080591.8 | W6: 2601776.5 | X6: 1094777.3 | Y6: NA
A7: 1975 | B7: 890989.48 | C7: 14080781 | D7: 1335555.1 | E7: 6032564.5 | F7: 1894356.2 | G7: 3413112 | H7: 4421608.7 | I7: 1804355.9 | J7: 2300434 | K7: 3748677 | L7: 4492870.5 | M7: 5702225.8 | N7: 3134672.4 | O7: 70985772 | P7: 4836688.9 | Q7: 942473.42 | R7: 1583871.8 | S7: 1976767.5 | T7: 5787251.8 | U7: 2962613.6 | V7: 1130113.5 | W7: 2357403.3 | X7: 1124006.8 | Y7: NA
A8: 1976 | B8: 734572.9 | C8: 13266557 | D8: 1327185.9 | E8: 6185458.6 | F8: 1884532.3 | G8: 3313857.3 | H8: 4543388.1 | I8: 1865685.7 | J8: 2291827.3 | K8: 4232145.2 | L8: 4690758.6 | M8: 5901332.6 | N8: 3223739 | O8: 71200420 | P8: 5110835.8 | Q8: 939833.4 | R8: 2062144.6 | S8: 2354413.7 | T8: 5772044 | U8: 2901180.1 | V8: 1132186.4 | W8: 2390476.1 | X8: 1014918.2 | Y8: NA
A9: 1977 | B9: 659249.18 | C9: 17793328 | D9: 1529182.4 | E9: 5967028.6 | F9: 1662529.9 | G9: 3200059.9 | H9: 4729604.1 | I9: 2121334.6 | J9: 2568438.2 | K9: 3437775.9 | L9: 5079762 | M9: 5981850.5 | N9: 3251133.1 | O9: 68934292 | P9: 5226200.1 | Q9: 877929.1 | R9: 3599280.5 | S9: 2504601.5 | T9: 5831478.8 | U9: 2819923.8 | V9: 1304335.2 | W9: 2169570.1 | X9: 1069177.1 | Y9: NA
A10: 1978 | B10: 664556.72 | C10: 18545803 | D10: 1481973.1 | E10: 6138163 | F10: 1673727.5 | G10: 3119190.2 | H10: 4737485.3 | I10: 2181213.4 | J10: 2418310 | K10: 3314687.6 | L10: 5163223.4 | M10: 5524515.4 | N10: 3206719.3 | O10: 66411556 | P10: 6076960.2 | Q10: 826275.89 | R10: 3910007.2 | S10: 2622028.3 | T10: 5883159.8 | U10: 2897309.7 | V10: 1320803 | W10: 2191080.8 | X10: 953079.02 | Y10: NA
A11: 1979 | B11: 606626.69 | C11: 19613841 | D11: 1473793.3 | E11: 6086704.7 | F11: 1737214.2 | G11: 2971698.4 | H11: 5158563.6 | I11: 2166844 | J11: 2734791.8 | K11: 3944148.6 | L11: 5364282.5 | M11: 5680761.3 | N11: 3405376.7 | O11: 67352821 | P11: 5969741 | Q11: 859602.9 | R11: 4647642.8 | S11: 2658092.8 | T11: 6807412 | U11: 3024524.8 | V11: 1291719.1 | W11: 2507086.1 | X11: 1013872.8 | Y11: 1196156.2
A12: 1980 | B12: 794485.92 | C12: 18847075 | D12: 1583594.8 | E12: 6724720.5 | F12: 1519345.1 | G12: 3380787.2 | H12: 4932815.6 | I12: 2076485.7 | J12: 2332010.5 | K12: 3561527 | L12: 5118528.5 | M12: 5852825.4 | N12: 3219114.9 | O12: 73968265 | P12: 6467722.8 | Q12: 888220.44 | R12: 4226788.2 | S12: 2803577.2 | T12: 6674119.6 | U12: 3550360.4 | V12: 1526897.3 | W12: 2611862.3 | X12: 1262463.6 | Y12: 1189895
A13: 1981 | B13: 831777.39 | C13: 16527617 | D13: 1618951.3 | E13: 7113020.7 | F13: 1614184.7 | G13: 3725576.7 | H13: 5249076 | I13: 2135916.1 | J13: 2535740.8 | K13: 3849564.3 | L13: 4944189.9 | M13: 6340211.8 | N13: 3599672.3 | O13: 78950447 | P13: 6486317.6 | Q13: 1023214.9 | R13: 4747059.1 | S13: 2939394.7 | T13: 6578997.1 | U13: 3330624.4 | V13: 1626371.1 | W13: 2736193.8 | X13: 1334141.4 | Y13: 1141306.2
A14: 1982 | B14: 810248.66 | C14: 18227273 | D14: 1835615 | E14: 7103165.1 | F14: 1658666.4 | G14: 3668380.9 | H14: 5086532.4 | I14: 2144767.1 | J14: 2531810.7 | K14: 4418094.7 | L14: 5176162.3 | M14: 6480775.8 | N14: 3528253.7 | O14: 78038392 | P14: 6585617.7 | Q14: 856911.11 | R14: 4841911.2 | S14: 2872525.5 | T14: 6655760.1 | U14: 3186659.5 | V14: 1648109.4 | W14: 2900384 | X14: 996932.95 | Y14: 1251222.2
A15: 1983 | B15: 785866.98 | C15: 13783815 | D15: 1319349.8 | E15: 6255867.9 | F15: 1541616.3 | G15: 3592648.6 | H15: 4772885.7 | I15: 2166746.3 | J15: 2311102 | K15: 3190852.4 | L15: 4820947.1 | M15: 5686929.1 | N15: 3263494.9 | O15: 68483962 | P15: 5392427.7 | Q15: 805795.55 | R15: 4302504 | S15: 2842493.1 | T15: 5255942.9 | U15: 2886972.6 | V15: 1682067.7 | W15: 2672587.3 | X15: 1037230.4 | Y15: 1093625.2
A16: 1984 | B16: 900938.59 | C16: 17886333 | D16: 1579389.3 | E16: 6523984.7 | F16: 1486233.9 | G16: 3482664.3 | H16: 4811035.2 | I16: 2161511.8 | J16: 2292640.5 | K16: 3644449.6 | L16: 4812052.5 | M16: 5840971.5 | N16: 3728515.1 | O16: 70120693 | P16: 5120977.8 | Q16: 872246.38 | R16: 4673438.1 | S16: 2951713.1 | T16: 6380953.8 | U16: 2967639.5 | V16: 1728722.8 | W16: 2776692.3 | X16: 1112596.8 | Y16: 1181301.3
A17: 1985 | B17: 860619.42 | C17: 12495301 | D17: 1411144.3 | E17: 6774949.7 | F17: 1494454.4 | G17: 3446133.4 | H17: 5404841.9 | I17: 2032305.9 | J17: 2254939.8 | K17: 4068576.5 | L17: 5236883.9 | M17: 5874428.3 | N17: 3772330.8 | O17: 71428907 | P17: 5144063.1 | Q17: 807500.62 | R17: 4958673.2 | S17: 3001285.3 | T17: 6570234.4 | U17: 3127798.1 | V17: 1706580.7 | W17: 2969731.4 | X17: 1151819.3 | Y17: 1193677.4
A18: 1986 | B18: 1007031 | C18: 12986250 | D18: 1699954.6 | E18: 7573205.6 | F18: 1677626.8 | G18: 3773765.8 | H18: 6486996.1 | I18: 2156282.8 | J18: 2520125.6 | K18: 4269099.1 | L18: 5068412.6 | M18: 6744821.4 | N18: 3974387.4 | O18: 80154014 | P18: 5043990.6 | Q18: 886219.76 | R18: 4650251.9 | S18: 3063399 | T18: 7354619.2 | U18: 3437357.5 | V18: 1824851.5 | W18: 2911353.9 | X18: 1181524.6 | Y18: 1306687.1
A19: 1987 | B19: 1079948.2 | C19: 11964174 | D19: 1603519.1 | E19: 8432075.4 | F19: 1692879.1 | G19: 3945991.4 | H19: 7043158.8 | I19: 2208635.5 | J19: 2824968.6 | K19: 4497313.7 | L19: 5237876.1 | M19: 7658081.7 | N19: 4690557.1 | O19: 89323000 | P19: 5439166.2 | Q19: 1060660.9 | R19: 4703512.6 | S19: 3120149.1 | T19: 7460956.5 | U19: 3624374.1 | V19: 1852672.4 | W19: 3095308.6 | X19: 1185741.9 | Y19: 1467004.6
A20: 1988 | B20: 1105077.7 | C20: 13698351 | D20: 1558509.1 | E20: 7923432.4 | F20: 1715534.7 | G20: 3793025.8 | H20: 6544454.9 | I20: 2112667.3 | J20: 2632180 | K20: 4178832.8 | L20: 4658205.9 | M20: 7070028.1 | N20: 4267505.3 | O20: 78767068 | P20: 5038528.7 | Q20: 1157581.9 | R20: 3989661.7 | S20: 2898774.6 | T20: 7634868.3 | U20: 3385130.1 | V20: 1841432 | W20: 2861397.2 | X20: 1228768.3 | Y20: 1387659.8
A21: 1989 | B21: 912004.52 | C21: 12409073 | D21: 1377384.7 | E21: 7566509.7 | F21: 1530561.5 | G21: 3439634.3 | H21: 5498141.1 | I21: 1892480.2 | J21: 2061061.9 | K21: 3908419.9 | L21: 4827567.9 | M21: 6320041.2 | N21: 4358568.7 | O21: 64232789 | P21: 4630120.6 | Q21: 832673.43 | R21: 4450608.1 | S21: 2810145.8 | T21: 7424021.7 | U21: 3118364.5 | V21: 1708426.1 | W21: 2662320.5 | X21: 1136906.5 | Y21: 1235959.2
A22: 1990 | B22: 866336.26 | C22: 10456419 | D22: 1251528.4 | E22: 7136386.8 | F22: 1328222.3 | G22: 3249755.2 | H22: 5347291.7 | I22: 1722741 | J22: 1992548.5 | K22: 3687592.4 | L22: 4920784.3 | M22: 6084642.5 | N22: 3924019.7 | O22: 61101874 | P22: 4385662.7 | Q22: 783478.32 | R22: 3629921.1 | S22: 2680034.5 | T22: 7091830.1 | U22: 2721329.5 | V22: 1813398.5 | W22: 2337117 | X22: 1109330.8 | Y22: 1111625.2
... A53: 2021 | B53: 3121807 | C53: 21462150 | D53: 6585324 | E53: 29961211 | F53: 5794896 | G53: 11484363 | H53: 20585691 | I53: 3491890 | J53: 5969184 | K53: 19610268 | L53: 15940759 | M53: 23532760 | N53: 13078870 | O53: 241856205 | P53: 8901232 | Q53: 1753366 | R53: 9318701 | S53: 5271646 | T53: 21147594 | U53: 9700995 | V53: 6279871 | W53: 8873345 | X53: 2748458 | Y53: 4569603
A54: 2022 | B54: 3062912 | C54: 21716414 | D54: 6289691 | E54: 31527421 | F54: 5994254 | G54: 11899366 | H54: 21481897 | I54: 3431748 | J54: 6221658 | K54: 20872166 | L54: 16323284 | M54: 23890755 | N54: 13363783 | O54: 248836712 | P54: 9374188 | Q54: 1786634 | R54: 10477054.7 | S54: 5374594 | T54: 21053137 | U54: 10042795 | V54: 6310400 | W54: 8384935 | X54: 2945307 | Y54: 4728545
A55: 2023 | B55: 3124400 | C55: 20923736 | D55: 6687551 | E55: 31295380 | F55: 5874469 | G55: 11836470 | H55: 22385395 | I55: 3499240 | J55: 6590342 | K55: 20883383 | L55: 15805234 | M55: 23444769 | N55: 12888057 | O55: 246249640 | P55: 9610607 | Q55: 1803341 | R55: 13113805 | S55: 5462370 | T55: 21253698 | U55: 9270996 | V55: 6437478 | W55: 8456841 | X55: 2812595 | Y55: 4790346

Sheet Hoja2
A1: Año | B1: Amazonas | C1: Ancash | D1: Apurimac | E1: Arequipa | F1: Ayacucho | G1: Cajamarca | H1: Cusco | I1: Huancavelica | J1: Huánuco | K1: Ica | L1: Junín | M1: La Libertad | N1: Lambayeque | O1: Lima | P1: Loreto | Q1: Madre de Dios | R1: Moquegua | S1: Pasco | T1: Piura | U1: Puno | V1: San Martín | W1: Tacna | X1: Tumbes | Y1: Ucayali
A2: 1970 | B2: 438999.49 | C2: 17296225 | D2: 1116939.9 | E2: 4579544.4 | F2: 1528960.6 | G2: 2384902.5 | H2: 3570390.8 | I2: 1573526.6 | J2: 1828155.3 | K2: 4835143 | L2: 3892144 | M2: 4775720.2 | N2: 2492701.5 | O2: 49490829 | P2: 3451219.2 | Q2: 639069.09 | R2: 1860277.6 | S2: 1897457.4 | T2: 4708113.6 | U2: 2428837.9 | V2: 925292.86 | W2: 2114691.8 | X2: 738804.75 | Y2: 0
A3: 1971 | B3: 472100.47 | C3: 16550561 | D3: 1231590.2 | E3: 4798388.4 | F3: 1614116.1 | G3: 2580852.4 | H3: 3781021.8 | I3: 1614910.8 | J3: 2052828.3 | K3: 4222460.7 | L3: 3888398.5 | M3: 4918462 | N3: 2641729 | O3: 53346301 | P3: 3730610.1 | Q3: 689892.22 | R3: 1898490.4 | S3: 1911097.4 | T3: 4618500.3 | U3: 2622948.2 | V3: 989798.7 | W3: 2443558.8 | X3: 770278.76 | Y3: 0
A4: 1972 | B4: 511104.85 | C4: 12777628 | D4: 1269950.2 | E4: 4937415.2 | F4: 1754574.6 | G4: 2766990.6 | H4: 3928812.8 | I4: 1665235.9 | J4: 2170552.8 | K4: 3599242.6 | L4: 4200656.3 | M4: 4864956.4 | N4: 2645757.6 | O4: 56579484 | P4: 3878093.6 | Q4: 728752.8 | R4: 2016602.7 | S4: 2004291.6 | T4: 4826473.6 | U4: 2633276.6 | V4: 985470.66 | W4: 2581263.4 | X4: 831626.05 | Y4: 0
A5: 1973 | B5: 527487.2 | C5: 12350358 | D5: 1314689.1 | E5: 5062095.1 | F5: 1793433.8 | G5: 2918751.9 | H5: 4140932.7 | I5: 1696529 | J5: 2271033.6 | K5: 3267164.2 | L5: 4504558.4 | M5: 5048228.9 | N5: 2716747.6 | O5: 60954816 | P5: 4156274.8 | Q5: 787248.02 | R5: 1931474.6 | S5: 1961125.6 | T5: 5123629.5 | U5: 2767602 | V5: 1013958.1 | W5: 2422347.1 | X5: 908098.29 | Y5: 0
A6: 1974 | B6: 634053.53 | C6: 14588498 | D6: 1335750.6 | E6: 5686751.9 | F6: 1843893.1 | G6: 3013011.5 | H6: 4334144.5 | I6: 1764062.5 | J6: 2235656.1 | K6: 3760133.7 | L6: 4506438.3 | M6: 5545090.9 | N6: 3030163.3 | O6: 67849469 | P6: 4350968.9 | Q6: 893469.8 | R6: 1568031.1 | S6: 2013738.7 | T6: 5648765.9 | U6: 2884320.9 | V6: 1080591.8 | W6: 2601776.5 | X6: 1094777.3 | Y6: 0
A7: 1975 | B7: 890989.48 | C7: 14080781 | D7: 1335555.1 | E7: 6032564.5 | F7: 1894356.2 | G7: 3413112 | H7: 4421608.7 | I7: 1804355.9 | J7: 2300434 | K7: 3748677 | L7: 4492870.5 | M7: 5702225.8 | N7: 3134672.4 | O7: 70985772 | P7: 4836688.9 | Q7: 942473.42 | R7: 1583871.8 | S7: 1976767.5 | T7: 5787251.8 | U7: 2962613.6 | V7: 1130113.5 | W7: 2357403.3 | X7: 1124006.8 | Y7: 0
A8: 1976 | B8: 734572.9 | C8: 13266557 | D8: 1327185.9 | E8: 6185458.6 | F8: 1884532.3 | G8: 3313857.3 | H8: 4543388.1 | I8: 1865685.7 | J8: 2291827.3 | K8: 4232145.2 | L8: 4690758.6 | M8: 5901332.6 | N8: 3223739 | O8: 71200420 | P8: 5110835.8 | Q8: 939833.4 | R8: 2062144.6 | S8: 2354413.7 | T8: 5772044 | U8: 2901180.1 | V8: 1132186.4 | W8: 2390476.1 | X8: 1014918.2 | Y8: 0
A9: 1977 | B9: 659249.18 | C9: 17793328 | D9: 1529182.4 | E9: 5967028.6 | F9: 1662529.9 | G9: 3200059.9 | H9: 4729604.1 | I9: 2121334.6 | J9: 2568438.2 | K9: 3437775.9 | L9: 5079762 | M9: 5981850.5 | N9: 3251133.1 | O9: 68934292 | P9: 5226200.1 | Q9: 877929.1 | R9: 3599280.5 | S9: 2504601.5 | T9: 5831478.8 | U9: 2819923.8 | V9: 1304335.2 | W9: 2169570.1 | X9: 1069177.1 | Y9: 0
A10: 1978 | B10: 664556.72 | C10: 18545803 | D10: 1481973.1 | E10: 6138163 | F10: 1673727.5 | G10: 3119190.2 | H10: 4737485.3 | I10: 2181213.4 | J10: 2418310 | K10: 3314687.6 | L10: 5163223.4 | M10: 5524515.4 | N10: 3206719.3 | O10: 66411556 | P10: 6076960.2 | Q10: 826275.89 | R10: 3910007.2 | S10: 2622028.3 | T10: 5883159.8 | U10: 2897309.7 | V10: 1320803 | W10: 2191080.8 | X10: 953079.02 | Y10: 0
A11: 1979 | B11: 606626.69 | C11: 19613841 | D11: 1473793.3 | E11: 6086704.7 | F11: 1737214.2 | G11: 2971698.4 | H11: 5158563.6 | I11: 2166844 | J11: 2734791.8 | K11: 3944148.6 | L11: 5364282.5 | M11: 5680761.3 | N11: 3405376.7 | O11: 67352821 | P11: 5969741 | Q11: 859602.9 | R11: 4647642.8 | S11: 2658092.8 | T11: 6807412 | U11: 3024524.8 | V11: 1291719.1 | W11: 2507086.1 | X11: 1013872.8 | Y11: 1196156.2
A12: 1980 | B12: 794485.92 | C12: 18847075 | D12: 1583594.8 | E12: 6724720.5 | F12: 1519345.1 | G12: 3380787.2 | H12: 4932815.6 | I12: 2076485.7 | J12: 2332010.5 | K12: 3561527 | L12: 5118528.5 | M12: 5852825.4 | N12: 3219114.9 | O12: 73968265 | P12: 6467722.8 | Q12: 888220.44 | R12: 4226788.2 | S12: 2803577.2 | T12: 6674119.6 | U12: 3550360.4 | V12: 1526897.3 | W12: 2611862.3 | X12: 1262463.6 | Y12: 1189895
A13: 1981 | B13: 831777.39 | C13: 16527617 | D13: 1618951.3 | E13: 7113020.7 | F13: 1614184.7 | G13: 3725576.7 | H13: 5249076 | I13: 2135916.1 | J13: 2535740.8 | K13: 3849564.3 | L13: 4944189.9 | M13: 6340211.8 | N13: 3599672.3 | O13: 78950447 | P13: 6486317.6 | Q13: 1023214.9 | R13: 4747059.1 | S13: 2939394.7 | T13: 6578997.1 | U13: 3330624.4 | V13: 1626371.1 | W13: 2736193.8 | X13: 1334141.4 | Y13: 1141306.2
... A55: 2023 | B55: 3124400 | C55: 20923736 | D55: 6687551 | E55: 31295380 | F55: 5874469 | G55: 11836470 | H55: 22385395 | I55: 3499240 | J55: 6590342 | K55: 20883383 | L55: 15805234 | M55: 23444769 | N55: 12888057 | O55: 246249640 | P55: 9610607 | Q55: 1803341 | R55: 13113805 | S55: 5462370 | T55: 21253698 | U55: 9270996 | V55: 6437478 | W55: 8456841 | X55: 2812595 | Y55: 4790346

Sheet Hoja3
A1: Año | B1: lnAmazonas | C1: lnAncash | D1: lnApurimac | E1: lnArequipa | F1: lnAyacucho | G1: lnCajamarca | H1: lnCusco | I1: lnHuancavelica | J1: lnHuánuco | K1: lnIca | L1: lnJunín | M1: lnLaLibertad | N1: lnLambayeque | O1: lnLima | P1: lnLoreto | Q1: lnMadredeDios | R1: lnMoquegua | S1: lnPasco | T1: lnPiura | U1: lnPuno | V1: lnSanMartín | W1: lnTacna | X1: lnTumbes | Y1: lnUcayali
A2: 1970 | B2: =LN(Hoja2!B2) -> 12.992254 | C2: =LN(Hoja2!C2) -> 16.665999 | D2: =LN(Hoja2!D2) -> 13.926103 | E2: =LN(Hoja2!E2) -> 15.33711 | F2: =LN(Hoja2!F2) -> 14.240099 | G2: =LN(Hoja2!G2) -> 14.684669 | H2: =LN(Hoja2!H2) -> 15.088186 | I2: =LN(Hoja2!I2) -> 14.26883 | ... X2: =LN(Hoja2!X2) -> 13.512789 | Y2: 0
A3: 1971 | B3: =LN(Hoja2!B3) -> 13.064947 | C3: =LN(Hoja2!C3) -> 16.621931 | D3: =LN(Hoja2!D3) -> 14.023817 | E3: =LN(Hoja2!E3) -> 15.383791 | F3: =LN(Hoja2!F3) -> 14.294298 | G3: =LN(Hoja2!G3) -> 14.76363 | H3: =LN(Hoja2!H3) -> 15.145505 | I3: =LN(Hoja2!I3) -> 14.29479 | ... X3: =LN(Hoja2!X3) -> 13.554508 | Y3: 0
A4: 1972 | B4: =LN(Hoja2!B4) -> 13.14433 | C4: =LN(Hoja2!C4) -> 16.363206 | D4: =LN(Hoja2!D4) -> 14.054488 | E4: =LN(Hoja2!E4) -> 15.412353 | F4: =LN(Hoja2!F4) -> 14.377737 | G4: =LN(Hoja2!G4) -> 14.833271 | H4: =LN(Hoja2!H4) -> 15.183848 | I4: =LN(Hoja2!I4) -> 14.325477 | ... X4: =LN(Hoja2!X4) -> 13.631138 | Y4: 0
A5: 1973 | B5: =LN(Hoja2!B5) -> 13.17588 | C5: =LN(Hoja2!C5) -> 16.329196 | D5: =LN(Hoja2!D5) -> 14.089111 | E5: =LN(Hoja2!E5) -> 15.437291 | F5: =LN(Hoja2!F5) -> 14.399643 | G5: =LN(Hoja2!G5) -> 14.886667 | H5: =LN(Hoja2!H5) -> 15.236432 | I5: =LN(Hoja2!I5) -> 14.344095 | ... X5: =LN(Hoja2!X5) -> 13.719108 | Y5: 0
A6: 1974 | B6: =LN(Hoja2!B6) -> 13.359889 | C6: =LN(Hoja2!C6) -> 16.495744 | D6: =LN(Hoja2!D6) -> 14.105004 | E6: =LN(Hoja2!E6) -> 15.55365 | F6: =LN(Hoja2!F6) -> 14.42739 | G6: =LN(Hoja2!G6) -> 14.918451 | H6: =LN(Hoja2!H6) -> 15.282035 | I6: =LN(Hoja2!I6) -> 14.38313 | ... X6: =LN(Hoja2!X6) -> 13.906062 | Y6: 0
A7: 1975 | B7: =LN(Hoja2!B7) -> 13.700088 | C7: =LN(Hoja2!C7) -> 16.460321 | D7: =LN(Hoja2!D7) -> 14.104858 | E7: =LN(Hoja2!E7) -> 15.612683 | F7: =LN(Hoja2!F7) -> 14.45439 | G7: =LN(Hoja2!G7) -> 15.043135 | H7: =LN(Hoja2!H7) -> 15.302014 | I7: =LN(Hoja2!I7) -> 14.405714 | ... X7: =LN(Hoja2!X7) -> 13.93241 | Y7: 0
A8: 1976 | B8: =LN(Hoja2!B8) -> 13.507045 | C8: =LN(Hoja2!C8) -> 16.400757 | D8: =LN(Hoja2!D8) -> 14.098571 | E8: =LN(Hoja2!E8) -> 15.637712 | F8: =LN(Hoja2!F8) -> 14.44919 | G8: =LN(Hoja2!G8) -> 15.013623 | H8: =LN(Hoja2!H8) -> 15.329184 | I8: =LN(Hoja2!I8) -> 14.439139 | ... X8: =LN(Hoja2!X8) -> 13.830319 | Y8: 0
A9: 1977 | B9: =LN(Hoja2!B9) -> 13.398857 | C9: =LN(Hoja2!C9) -> 16.694334 | D9: =LN(Hoja2!D9) -> 14.240244 | E9: =LN(Hoja2!E9) -> 15.60176 | F9: =LN(Hoja2!F9) -> 14.323851 | G9: =LN(Hoja2!G9) -> 14.97868 | H9: =LN(Hoja2!H9) -> 15.369352 | I9: =LN(Hoja2!I9) -> 14.567556 | ... X9: =LN(Hoja2!X9) -> 13.8824 | Y9: 0
A10: 1978 | B10: =LN(Hoja2!B10) -> 13.406875 | C10: =LN(Hoja2!C10) -> 16.735754 | D10: =LN(Hoja2!D10) -> 14.208885 | E10: =LN(Hoja2!E10) -> 15.630036 | F10: =LN(Hoja2!F10) -> 14.330564 | G10: =LN(Hoja2!G10) -> 14.953084 | H10: =LN(Hoja2!H10) -> 15.371017 | I10: =LN(Hoja2!I10) -> 14.595392 | ... X10: =LN(Hoja2!X10) -> 13.767453 | Y10: 0
A11: 1979 | B11: =LN(Hoja2!B11) -> 13.315669 | C11: =LN(Hoja2!C11) -> 16.791746 | D11: =LN(Hoja2!D11) -> 14.20335 | E11: =LN(Hoja2!E11) -> 15.621617 | F11: =LN(Hoja2!F11) -> 14.367793 | G11: =LN(Hoja2!G11) -> 14.904644 | H11: =LN(Hoja2!H11) -> 15.456169 | I11: =LN(Hoja2!I11) -> 14.588782 | ... Y11: =LN(Hoja2!Y11) -> 13.994624
A12: 1980 | B12: =LN(Hoja2!B12) -> 13.585451 | C12: =LN(Hoja2!C12) -> 16.751868 | D12: =LN(Hoja2!D12) -> 14.275208 | E12: =LN(Hoja2!E12) -> 15.721301 | F12: =LN(Hoja2!F12) -> 14.23379 | G12: =LN(Hoja2!G12) -> 15.033619 | H12: =LN(Hoja2!H12) -> 15.411421 | I12: =LN(Hoja2!I12) -> 14.546187 | ... Y12: =LN(Hoja2!Y12) -> 13.989376
A13: 1981 | B13: =LN(Hoja2!B13) -> 13.63132 | C13: =LN(Hoja2!C13) -> 16.620543 | D13: =LN(Hoja2!D13) -> 14.297289 | E13: =LN(Hoja2!E13) -> 15.777438 | F13: =LN(Hoja2!F13) -> 14.294341 | G13: =LN(Hoja2!G13) -> 15.130732 | H13: =LN(Hoja2!H13) -> 15.473563 | I13: =LN(Hoja2!I13) -> 14.574406 | ... Y13: =LN(Hoja2!Y13) -> 13.947684
A14: 1982 | B14: =LN(Hoja2!B14) -> 13.605096 | C14: =LN(Hoja2!C14) -> 16.71843 | D14: =LN(Hoja2!D14) -> 14.42289 | E14: =LN(Hoja2!E14) -> 15.776051 | F14: =LN(Hoja2!F14) -> 14.321524 | G14: =LN(Hoja2!G14) -> 15.115261 | H14: =LN(Hoja2!H14) -> 15.442107 | I14: =LN(Hoja2!I14) -> 14.578542 | ... Y14: =LN(Hoja2!Y14) -> 14.039631
A15: 1983 | B15: =LN(Hoja2!B15) -> 13.574543 | C15: =LN(Hoja2!C15) -> 16.439006 | D15: =LN(Hoja2!D15) -> 14.09265 | E15: =LN(Hoja2!E15) -> 15.64903 | F15: =LN(Hoja2!F15) -> 14.248342 | G15: =LN(Hoja2!G15) -> 15.0944 | H15: =LN(Hoja2!H15) -> 15.378462 | I15: =LN(Hoja2!I15) -> 14.588737 | ... Y15: =LN(Hoja2!Y15) -> 13.905009
A16: 1984 | B16: =LN(Hoja2!B16) -> 13.711192 | C16: =LN(Hoja2!C16) -> 16.699547 | D16: =LN(Hoja2!D16) -> 14.272549 | E16: =LN(Hoja2!E16) -> 15.690996 | F16: =LN(Hoja2!F16) -> 14.211756 | G16: =LN(Hoja2!G16) -> 15.063308 | H16: =LN(Hoja2!H16) -> 15.386423 | I16: =LN(Hoja2!I16) -> 14.586318 | ... Y16: =LN(Hoja2!Y16) -> 13.982127
A17: 1985 | B17: =LN(Hoja2!B17) -> 13.665408 | C17: =LN(Hoja2!C17) -> 16.340863 | D17: =LN(Hoja2!D17) -> 14.159911 | E17: =LN(Hoja2!E17) -> 15.728742 | F17: =LN(Hoja2!F17) -> 14.217272 | G17: =LN(Hoja2!G17) -> 15.052763 | H17: =LN(Hoja2!H17) -> 15.502806 | I17: =LN(Hoja2!I17) -> 14.524682 | ... Y17: =LN(Hoja2!Y17) -> 13.992549
A18: 1986 | B18: =LN(Hoja2!B18) -> 13.822517 | C18: =LN(Hoja2!C18) -> 16.379402 | D18: =LN(Hoja2!D18) -> 14.346112 | E18: =LN(Hoja2!E18) -> 15.840127 | F18: =LN(Hoja2!F18) -> 14.332891 | G18: =LN(Hoja2!G18) -> 15.143584 | H18: =LN(Hoja2!H18) -> 15.68531 | I18: =LN(Hoja2!I18) -> 14.583896 | ... Y18: =LN(Hoja2!Y18) -> 14.083006
A19: 1987 | B19: =LN(Hoja2!B19) -> 13.892424 | C19: =LN(Hoja2!C19) -> 16.297427 | D19: =LN(Hoja2!D19) -> 14.287711 | E19: =LN(Hoja2!E19) -> 15.947553 | F19: =LN(Hoja2!F19) -> 14.341941 | G19: =LN(Hoja2!G19) -> 15.188211 | H19: =LN(Hoja2!H19) -> 15.767567 | I19: =LN(Hoja2!I19) -> 14.607885 | ... Y19: =LN(Hoja2!Y19) -> 14.198733
A20: 1988 | B20: =LN(Hoja2!B20) -> 13.915426 | C20: =LN(Hoja2!C20) -> 16.432786 | D20: =LN(Hoja2!D20) -> 14.25924 | E20: =LN(Hoja2!E20) -> 15.885335 | F20: =LN(Hoja2!F20) -> 14.355235 | G20: =LN(Hoja2!G20) -> 15.148675 | H20: =LN(Hoja2!H20) -> 15.694129 | I20: =LN(Hoja2!I20) -> 14.563462 | ... Y20: =LN(Hoja2!Y20) -> 14.143129
A21: 1989 | B21: =LN(Hoja2!B21) -> 13.7234 | C21: =LN(Hoja2!C21) -> 16.333938 | D21: =LN(Hoja2!D21) -> 14.135697 | E21: =LN(Hoja2!E21) -> 15.839242 | F21: =LN(Hoja2!F21) -> 14.241145 | G21: =LN(Hoja2!G21) -> 15.050876 | H21: =LN(Hoja2!H21) -> 15.519921 | I21: =LN(Hoja2!I21) -> 14.453399 | ... Y21: =LN(Hoja2!Y21) -> 14.027358
A22: 1990 | B22: =LN(Hoja2!B22) -> 13.672028 | C22: =LN(Hoja2!C22) -> 16.162727 | D22: =LN(Hoja2!D22) -> 14.039876 | E22: =LN(Hoja2!E22) -> 15.780717 | F22: =LN(Hoja2!F22) -> 14.099352 | G22: =LN(Hoja2!G22) -> 14.99409 | H22: =LN(Hoja2!H22) -> 15.492101 | I22: =LN(Hoja2!I22) -> 14.359427 | ... Y22: =LN(Hoja2!Y22) -> 13.921334
... A55: 2023 | B55: =LN(Hoja2!B55) -> 14.954753 | C55: =LN(Hoja2!C55) -> 16.856395 | D55: =LN(Hoja2!D55) -> 15.715758 | E55: =LN(Hoja2!E55) -> 17.258981 | F55: =LN(Hoja2!F55) -> 15.586126 | G55: =LN(Hoja2!G55) -> 16.286696 | H55: =LN(Hoja2!H55) -> 16.923919 | I55: =LN(Hoja2!I55) -> 15.068056 | ... Y55: =LN(Hoja2!Y55) -> 15.382113
